BEGIN TRANSACTION;
CREATE TABLE "auth_group" ("id" integer NOT NULL PRIMARY KEY AUTOINCREMENT, "name" varchar(150) NOT NULL UNIQUE);
CREATE TABLE "auth_group_permissions" ("id" integer NOT NULL PRIMARY KEY AUTOINCREMENT, "group_id" integer NOT NULL REFERENCES "auth_group" ("id") DEFERRABLE INITIALLY DEFERRED, "permission_id" integer NOT NULL REFERENCES "auth_permission" ("id") DEFERRABLE INITIALLY DEFERRED);
CREATE TABLE "auth_permission" ("id" integer NOT NULL PRIMARY KEY AUTOINCREMENT, "content_type_id" integer NOT NULL REFERENCES "django_content_type" ("id") DEFERRABLE INITIALLY DEFERRED, "codename" varchar(100) NOT NULL, "name" varchar(255) NOT NULL);
INSERT INTO "auth_permission" VALUES(1,1,'add_logentry','Can add log entry');
INSERT INTO "auth_permission" VALUES(2,1,'change_logentry','Can change log entry');
INSERT INTO "auth_permission" VALUES(3,1,'delete_logentry','Can delete log entry');
INSERT INTO "auth_permission" VALUES(4,1,'view_logentry','Can view log entry');
INSERT INTO "auth_permission" VALUES(5,2,'add_permission','Can add permission');
INSERT INTO "auth_permission" VALUES(6,2,'change_permission','Can change permission');
INSERT INTO "auth_permission" VALUES(7,2,'delete_permission','Can delete permission');
INSERT INTO "auth_permission" VALUES(8,2,'view_permission','Can view permission');
INSERT INTO "auth_permission" VALUES(9,3,'add_group','Can add group');
INSERT INTO "auth_permission" VALUES(10,3,'change_group','Can change group');
INSERT INTO "auth_permission" VALUES(11,3,'delete_group','Can delete group');
INSERT INTO "auth_permission" VALUES(12,3,'view_group','Can view group');
INSERT INTO "auth_permission" VALUES(13,4,'add_user','Can add user');
INSERT INTO "auth_permission" VALUES(14,4,'change_user','Can change user');
INSERT INTO "auth_permission" VALUES(15,4,'delete_user','Can delete user');
INSERT INTO "auth_permission" VALUES(16,4,'view_user','Can view user');
INSERT INTO "auth_permission" VALUES(17,5,'add_contenttype','Can add content type');
INSERT INTO "auth_permission" VALUES(18,5,'change_contenttype','Can change content type');
INSERT INTO "auth_permission" VALUES(19,5,'delete_contenttype','Can delete content type');
INSERT INTO "auth_permission" VALUES(20,5,'view_contenttype','Can view content type');
INSERT INTO "auth_permission" VALUES(21,6,'add_session','Can add session');
INSERT INTO "auth_permission" VALUES(22,6,'change_session','Can change session');
INSERT INTO "auth_permission" VALUES(23,6,'delete_session','Can delete session');
INSERT INTO "auth_permission" VALUES(24,6,'view_session','Can view session');
INSERT INTO "auth_permission" VALUES(25,7,'add_dailyreport','Can add daily report');
INSERT INTO "auth_permission" VALUES(26,7,'change_dailyreport','Can change daily report');
INSERT INTO "auth_permission" VALUES(27,7,'delete_dailyreport','Can delete daily report');
INSERT INTO "auth_permission" VALUES(28,7,'view_dailyreport','Can view daily report');
INSERT INTO "auth_permission" VALUES(29,8,'add_task','Can add task');
INSERT INTO "auth_permission" VALUES(30,8,'change_task','Can change task');
INSERT INTO "auth_permission" VALUES(31,8,'delete_task','Can delete task');
INSERT INTO "auth_permission" VALUES(32,8,'view_task','Can view task');
INSERT INTO "auth_permission" VALUES(33,9,'add_product','Can add product');
INSERT INTO "auth_permission" VALUES(34,9,'change_product','Can change product');
INSERT INTO "auth_permission" VALUES(35,9,'delete_product','Can delete product');
INSERT INTO "auth_permission" VALUES(36,9,'view_product','Can view product');
INSERT INTO "auth_permission" VALUES(37,10,'add_company','Can add company');
INSERT INTO "auth_permission" VALUES(38,10,'change_company','Can change company');
INSERT INTO "auth_permission" VALUES(39,10,'delete_company','Can delete company');
INSERT INTO "auth_permission" VALUES(40,10,'view_company','Can view company');
INSERT INTO "auth_permission" VALUES(41,11,'add_taskpreset','Can add task preset');
INSERT INTO "auth_permission" VALUES(42,11,'change_taskpreset','Can change task preset');
INSERT INTO "auth_permission" VALUES(43,11,'delete_taskpreset','Can delete task preset');
INSERT INTO "auth_permission" VALUES(44,11,'view_taskpreset','Can view task preset');
CREATE TABLE "auth_user" ("id" integer NOT NULL PRIMARY KEY AUTOINCREMENT, "password" varchar(128) NOT NULL, "last_login" datetime NULL, "is_superuser" bool NOT NULL, "username" varchar(150) NOT NULL UNIQUE, "last_name" varchar(150) NOT NULL, "email" varchar(254) NOT NULL, "is_staff" bool NOT NULL, "is_active" bool NOT NULL, "date_joined" datetime NOT NULL, "first_name" varchar(150) NOT NULL);
INSERT INTO "auth_user" VALUES(1,'pbkdf2_sha256$1000000$IZZxy6nMUA7RO8wC4BE6sI$pdvEhiaDRmRLRGDn/ipwDB2tdyRFDGx6sOQCNgHmL6M=','2025-08-11 03:59:45.671326',1,'AZy','','pocoecoist@gmail.com',1,1,'2025-08-11 00:29:38.804922','');
INSERT INTO "auth_user" VALUES(2,'pbkdf2_sha256$1000000$e8i8jeYfc4WAW5KNmogTnj$uFUKhBXaYIz1u9dE+KS5PkitEcNERLAleMJh2r3qp7k=',NULL,1,'AZy2','','pocopecoist-@gmail.com',1,1,'2025-08-11 00:31:10.550656','');
CREATE TABLE "auth_user_groups" ("id" integer NOT NULL PRIMARY KEY AUTOINCREMENT, "user_id" integer NOT NULL REFERENCES "auth_user" ("id") DEFERRABLE INITIALLY DEFERRED, "group_id" integer NOT NULL REFERENCES "auth_group" ("id") DEFERRABLE INITIALLY DEFERRED);
CREATE TABLE "auth_user_user_permissions" ("id" integer NOT NULL PRIMARY KEY AUTOINCREMENT, "user_id" integer NOT NULL REFERENCES "auth_user" ("id") DEFERRABLE INITIALLY DEFERRED, "permission_id" integer NOT NULL REFERENCES "auth_permission" ("id") DEFERRABLE INITIALLY DEFERRED);
CREATE TABLE "django_admin_log" ("id" integer NOT NULL PRIMARY KEY AUTOINCREMENT, "object_id" text NULL, "object_repr" varchar(200) NOT NULL, "action_flag" smallint unsigned NOT NULL CHECK ("action_flag" >= 0), "change_message" text NOT NULL, "content_type_id" integer NULL REFERENCES "django_content_type" ("id") DEFERRABLE INITIALLY DEFERRED, "user_id" integer NOT NULL REFERENCES "auth_user" ("id") DEFERRABLE INITIALLY DEFERRED, "action_time" datetime NOT NULL);
INSERT INTO "django_admin_log" VALUES(1,'1','JSW100大物 / 日本製鋼所',1,'[{"added": {}}]',11,1,'2025-08-11 04:03:15.162567');
INSERT INTO "django_admin_log" VALUES(2,'1','JSW100大物 / 日本製鋼所',2,'[]',11,1,'2025-08-11 04:03:50.758674');
INSERT INTO "django_admin_log" VALUES(3,'2','JSW130大物 / 日本製鋼所',1,'[{"added": {}}]',11,1,'2025-08-11 04:04:22.703184');
INSERT INTO "django_admin_log" VALUES(4,'3','JSW138大物 / 日本製鋼所',1,'[{"added": {}}]',11,1,'2025-08-11 04:04:45.818727');
INSERT INTO "django_admin_log" VALUES(5,'4','JSW100小物 / 日本製鋼所',1,'[{"added": {}}]',11,1,'2025-08-11 04:05:25.855272');
INSERT INTO "django_admin_log" VALUES(6,'5','JSW130小物 / 日本製鋼所',1,'[{"added": {}}]',11,1,'2025-08-11 04:05:44.370065');
INSERT INTO "django_admin_log" VALUES(7,'6','JSW180小物 / 日本製鋼所',1,'[{"added": {}}]',11,1,'2025-08-11 04:06:02.746844');
INSERT INTO "django_admin_log" VALUES(8,'3','JSW130大物 / 日本製鋼所',2,'[{"changed": {"fields": ["Product"]}}]',11,1,'2025-08-11 04:06:23.193724');
INSERT INTO "django_admin_log" VALUES(9,'3','JSW180大物 / 日本製鋼所',2,'[{"changed": {"fields": ["Product"]}}]',11,1,'2025-08-11 04:06:45.829387');
INSERT INTO "django_admin_log" VALUES(10,'7','レセプタクル / トーヨーエイテック',1,'[{"added": {}}]',11,1,'2025-08-11 04:08:53.074220');
INSERT INTO "django_admin_log" VALUES(11,'8','ブロックLR / トーヨーエイテック',1,'[{"added": {}}]',11,1,'2025-08-11 04:11:29.683009');
INSERT INTO "django_admin_log" VALUES(12,'9','リアホルダーLR / トーヨーエイテック',1,'[{"added": {}}]',11,1,'2025-08-11 04:12:05.844298');
INSERT INTO "django_admin_log" VALUES(13,'9','リアホルダーLR / トーヨーエイテック',2,'[]',11,1,'2025-08-11 04:12:18.407652');
INSERT INTO "django_admin_log" VALUES(14,'7','レセプタクル / トーヨーエイテック',2,'[{"changed": {"fields": ["Content"]}}]',11,1,'2025-08-11 04:13:48.500304');
INSERT INTO "django_admin_log" VALUES(15,'7','レセプタクル / トーヨーエイテック',2,'[]',11,1,'2025-08-11 04:20:42.885366');
INSERT INTO "django_admin_log" VALUES(16,'10','ボディHBX / トーヨーエイテック',1,'[{"added": {}}]',11,1,'2025-08-11 04:22:34.946351');
INSERT INTO "django_admin_log" VALUES(17,'11','シェル / トーヨーエイテック',1,'[{"added": {}}]',11,1,'2025-08-11 04:23:35.672868');
INSERT INTO "django_admin_log" VALUES(18,'11','シェル / トーヨーエイテック',2,'[{"changed": {"fields": ["Content"]}}]',11,1,'2025-08-11 05:00:38.931122');
INSERT INTO "django_admin_log" VALUES(19,'10','ボディHBX / トーヨーエイテック',2,'[{"changed": {"fields": ["Content"]}}]',11,1,'2025-08-11 05:00:53.089830');
INSERT INTO "django_admin_log" VALUES(20,'9','リアホルダーLR / トーヨーエイテック',2,'[{"changed": {"fields": ["Content"]}}]',11,1,'2025-08-11 05:01:01.996604');
INSERT INTO "django_admin_log" VALUES(21,'7','レセプタクル / トーヨーエイテック',2,'[{"changed": {"fields": ["Content"]}}]',11,1,'2025-08-11 05:01:11.505668');
INSERT INTO "django_admin_log" VALUES(22,'6','JSW180小物 / 日本製鋼所',2,'[{"changed": {"fields": ["Content"]}}]',11,1,'2025-08-11 05:01:23.376602');
INSERT INTO "django_admin_log" VALUES(23,'5','JSW130小物 / 日本製鋼所',2,'[{"changed": {"fields": ["Content"]}}]',11,1,'2025-08-11 05:01:32.841409');
INSERT INTO "django_admin_log" VALUES(24,'4','JSW100小物 / 日本製鋼所',2,'[{"changed": {"fields": ["Content"]}}]',11,1,'2025-08-11 05:01:42.175478');
INSERT INTO "django_admin_log" VALUES(25,'3','JSW180大物 / 日本製鋼所',2,'[{"changed": {"fields": ["Content"]}}]',11,1,'2025-08-11 05:01:51.070626');
INSERT INTO "django_admin_log" VALUES(26,'2','JSW130大物 / 日本製鋼所',2,'[{"changed": {"fields": ["Content"]}}]',11,1,'2025-08-11 05:02:00.229730');
INSERT INTO "django_admin_log" VALUES(27,'2','JSW130大物 / 日本製鋼所',2,'[]',11,1,'2025-08-11 05:02:04.468736');
INSERT INTO "django_admin_log" VALUES(28,'1','JSW100大物 / 日本製鋼所',2,'[{"changed": {"fields": ["Content"]}}]',11,1,'2025-08-11 05:02:12.036334');
INSERT INTO "django_admin_log" VALUES(29,'6','JSW180小物 / 日本製鋼所',2,'[{"changed": {"fields": ["Content"]}}]',11,1,'2025-08-11 05:03:43.056968');
INSERT INTO "django_admin_log" VALUES(30,'5','JSW130小物 / 日本製鋼所',2,'[{"changed": {"fields": ["Content"]}}]',11,1,'2025-08-11 05:03:57.559881');
INSERT INTO "django_admin_log" VALUES(31,'4','JSW100小物 / 日本製鋼所',2,'[{"changed": {"fields": ["Content"]}}]',11,1,'2025-08-11 05:04:08.737795');
INSERT INTO "django_admin_log" VALUES(32,'2','JSW130大物 / 日本製鋼所',2,'[{"changed": {"fields": ["Content"]}}]',11,1,'2025-08-11 05:04:23.834542');
INSERT INTO "django_admin_log" VALUES(33,'2','JSW130大物 / 日本製鋼所',2,'[]',11,1,'2025-08-11 05:04:29.448598');
INSERT INTO "django_admin_log" VALUES(34,'3','JSW180大物 / 日本製鋼所',2,'[{"changed": {"fields": ["Content"]}}]',11,1,'2025-08-11 05:04:39.624186');
INSERT INTO "django_admin_log" VALUES(35,'1','JSW100大物 / 日本製鋼所',2,'[{"changed": {"fields": ["Content"]}}]',11,1,'2025-08-11 05:04:48.975170');
INSERT INTO "django_admin_log" VALUES(36,'11','シェル / トーヨーエイテック',2,'[{"changed": {"fields": ["Content"]}}]',11,1,'2025-08-11 05:05:06.272403');
INSERT INTO "django_admin_log" VALUES(37,'10','ボディHBX / トーヨーエイテック',2,'[{"changed": {"fields": ["Content"]}}]',11,1,'2025-08-11 05:05:18.280088');
INSERT INTO "django_admin_log" VALUES(38,'9','リアホルダーLR / トーヨーエイテック',2,'[{"changed": {"fields": ["Content"]}}]',11,1,'2025-08-11 05:05:30.531983');
INSERT INTO "django_admin_log" VALUES(39,'8','ブロックLR / トーヨーエイテック',2,'[{"changed": {"fields": ["Content"]}}]',11,1,'2025-08-11 05:05:51.651201');
INSERT INTO "django_admin_log" VALUES(40,'7','レセプタクル / トーヨーエイテック',2,'[{"changed": {"fields": ["Content"]}}]',11,1,'2025-08-11 05:06:05.424926');
INSERT INTO "django_admin_log" VALUES(41,'12','インアウトフィードフレーム / 富士機械',1,'[{"added": {}}]',11,1,'2025-08-11 05:06:58.118452');
INSERT INTO "django_admin_log" VALUES(42,'13','共通 / 富士機械',1,'[{"added": {}}]',11,1,'2025-08-11 05:08:37.435463');
INSERT INTO "django_admin_log" VALUES(43,'13','共通 / 富士機械',2,'[]',11,1,'2025-08-11 05:08:43.889750');
INSERT INTO "django_admin_log" VALUES(44,'1','JSW100大物 / 日本製鋼所',2,'[{"changed": {"fields": ["Content"]}}]',11,1,'2025-08-11 05:08:55.186513');
INSERT INTO "django_admin_log" VALUES(45,'2','JSW130大物 / 日本製鋼所',2,'[{"changed": {"fields": ["Content"]}}]',11,1,'2025-08-11 05:09:01.981332');
INSERT INTO "django_admin_log" VALUES(46,'3','JSW180大物 / 日本製鋼所',2,'[{"changed": {"fields": ["Content"]}}]',11,1,'2025-08-11 05:09:09.900527');
INSERT INTO "django_admin_log" VALUES(47,'4','JSW100小物 / 日本製鋼所',2,'[{"changed": {"fields": ["Content"]}}]',11,1,'2025-08-11 05:09:16.396177');
INSERT INTO "django_admin_log" VALUES(48,'5','JSW130小物 / 日本製鋼所',2,'[{"changed": {"fields": ["Content"]}}]',11,1,'2025-08-11 05:09:23.476361');
INSERT INTO "django_admin_log" VALUES(49,'6','JSW180小物 / 日本製鋼所',2,'[{"changed": {"fields": ["Content"]}}]',11,1,'2025-08-11 05:09:29.958898');
INSERT INTO "django_admin_log" VALUES(50,'12','インアウトフィードフレーム / 富士機械',2,'[{"changed": {"fields": ["Content"]}}]',11,1,'2025-08-11 05:09:36.206587');
INSERT INTO "django_admin_log" VALUES(51,'7','レセプタクル / トーヨーエイテック',2,'[{"changed": {"fields": ["Content"]}}]',11,1,'2025-08-11 05:09:43.359651');
INSERT INTO "django_admin_log" VALUES(52,'8','ブロックLR / トーヨーエイテック',2,'[{"changed": {"fields": ["Content"]}}]',11,1,'2025-08-11 05:09:48.703323');
INSERT INTO "django_admin_log" VALUES(53,'9','リアホルダーLR / トーヨーエイテック',2,'[{"changed": {"fields": ["Content"]}}]',11,1,'2025-08-11 05:09:53.613423');
INSERT INTO "django_admin_log" VALUES(54,'10','ボディHBX / トーヨーエイテック',2,'[{"changed": {"fields": ["Content"]}}]',11,1,'2025-08-11 05:09:59.748271');
INSERT INTO "django_admin_log" VALUES(55,'10','ボディHBX / トーヨーエイテック',2,'[{"changed": {"fields": ["Content"]}}]',11,1,'2025-08-11 05:11:04.526321');
INSERT INTO "django_admin_log" VALUES(56,'9','リアホルダーLR / トーヨーエイテック',2,'[{"changed": {"fields": ["Content"]}}]',11,1,'2025-08-11 05:11:13.566968');
INSERT INTO "django_admin_log" VALUES(57,'8','ブロックLR / トーヨーエイテック',2,'[{"changed": {"fields": ["Content"]}}]',11,1,'2025-08-11 05:11:24.830512');
INSERT INTO "django_admin_log" VALUES(58,'7','レセプタクル / トーヨーエイテック',2,'[{"changed": {"fields": ["Content"]}}]',11,1,'2025-08-11 05:11:33.466713');
INSERT INTO "django_admin_log" VALUES(59,'6','JSW180小物 / 日本製鋼所',2,'[{"changed": {"fields": ["Content"]}}]',11,1,'2025-08-11 05:11:41.870453');
INSERT INTO "django_admin_log" VALUES(60,'5','JSW130小物 / 日本製鋼所',2,'[{"changed": {"fields": ["Content"]}}]',11,1,'2025-08-11 05:11:51.247717');
INSERT INTO "django_admin_log" VALUES(61,'4','JSW100小物 / 日本製鋼所',2,'[{"changed": {"fields": ["Content"]}}]',11,1,'2025-08-11 05:12:00.244572');
INSERT INTO "django_admin_log" VALUES(62,'3','JSW180大物 / 日本製鋼所',2,'[{"changed": {"fields": ["Content"]}}]',11,1,'2025-08-11 05:12:09.469647');
INSERT INTO "django_admin_log" VALUES(63,'3','JSW180大物 / 日本製鋼所',2,'[]',11,1,'2025-08-11 05:12:12.909848');
INSERT INTO "django_admin_log" VALUES(64,'2','JSW130大物 / 日本製鋼所',2,'[{"changed": {"fields": ["Content"]}}]',11,1,'2025-08-11 05:12:22.505424');
INSERT INTO "django_admin_log" VALUES(65,'1','JSW100大物 / 日本製鋼所',2,'[{"changed": {"fields": ["Content"]}}]',11,1,'2025-08-11 05:12:31.439940');
INSERT INTO "django_admin_log" VALUES(66,'13','フィードフレーム / 富士機械',2,'[{"changed": {"fields": ["Content", "Product", "Sort order"]}}]',11,1,'2025-08-11 05:12:55.914076');
INSERT INTO "django_admin_log" VALUES(67,'12','インアウトフィードフレーム / 富士機械',2,'[{"changed": {"fields": ["Content"]}}]',11,1,'2025-08-11 05:13:18.178366');
INSERT INTO "django_admin_log" VALUES(68,'14','ジョウブフレーム / 富士機械',1,'[{"added": {}}]',11,1,'2025-08-11 05:14:20.726799');
INSERT INTO "django_admin_log" VALUES(69,'15','フレーム / 富士機械',1,'[{"added": {}}]',11,1,'2025-08-11 05:15:07.275869');
CREATE TABLE "django_content_type" ("id" integer NOT NULL PRIMARY KEY AUTOINCREMENT, "app_label" varchar(100) NOT NULL, "model" varchar(100) NOT NULL);
INSERT INTO "django_content_type" VALUES(1,'admin','logentry');
INSERT INTO "django_content_type" VALUES(2,'auth','permission');
INSERT INTO "django_content_type" VALUES(3,'auth','group');
INSERT INTO "django_content_type" VALUES(4,'auth','user');
INSERT INTO "django_content_type" VALUES(5,'contenttypes','contenttype');
INSERT INTO "django_content_type" VALUES(6,'sessions','session');
INSERT INTO "django_content_type" VALUES(7,'main','dailyreport');
INSERT INTO "django_content_type" VALUES(8,'main','task');
INSERT INTO "django_content_type" VALUES(9,'main','product');
INSERT INTO "django_content_type" VALUES(10,'main','company');
INSERT INTO "django_content_type" VALUES(11,'main','taskpreset');
CREATE TABLE "django_migrations" ("id" integer NOT NULL PRIMARY KEY AUTOINCREMENT, "app" varchar(255) NOT NULL, "name" varchar(255) NOT NULL, "applied" datetime NOT NULL);
INSERT INTO "django_migrations" VALUES(1,'contenttypes','0001_initial','2025-06-22 06:30:55.971599');
INSERT INTO "django_migrations" VALUES(2,'auth','0001_initial','2025-06-22 06:30:56.423416');
INSERT INTO "django_migrations" VALUES(3,'admin','0001_initial','2025-06-22 06:30:57.056215');
INSERT INTO "django_migrations" VALUES(4,'admin','0002_logentry_remove_auto_add','2025-06-22 06:30:57.430130');
INSERT INTO "django_migrations" VALUES(5,'admin','0003_logentry_add_action_flag_choices','2025-06-22 06:30:57.791887');
INSERT INTO "django_migrations" VALUES(6,'contenttypes','0002_remove_content_type_name','2025-06-22 06:30:58.056720');
INSERT INTO "django_migrations" VALUES(7,'auth','0002_alter_permission_name_max_length','2025-06-22 06:30:58.261765');
INSERT INTO "django_migrations" VALUES(8,'auth','0003_alter_user_email_max_length','2025-06-22 06:30:58.405156');
INSERT INTO "django_migrations" VALUES(9,'auth','0004_alter_user_username_opts','2025-06-22 06:30:58.648614');
INSERT INTO "django_migrations" VALUES(10,'auth','0005_alter_user_last_login_null','2025-06-22 06:30:58.892905');
INSERT INTO "django_migrations" VALUES(11,'auth','0006_require_contenttypes_0002','2025-06-22 06:30:59.135089');
INSERT INTO "django_migrations" VALUES(12,'auth','0007_alter_validators_add_error_messages','2025-06-22 06:30:59.478709');
INSERT INTO "django_migrations" VALUES(13,'auth','0008_alter_user_username_max_length','2025-06-22 06:30:59.859349');
INSERT INTO "django_migrations" VALUES(14,'auth','0009_alter_user_last_name_max_length','2025-06-22 06:31:00.203775');
INSERT INTO "django_migrations" VALUES(15,'auth','0010_alter_group_name_max_length','2025-06-22 06:31:00.369567');
INSERT INTO "django_migrations" VALUES(16,'auth','0011_update_proxy_permissions','2025-06-22 06:31:00.523804');
INSERT INTO "django_migrations" VALUES(17,'auth','0012_alter_user_first_name_max_length','2025-06-22 06:31:00.670349');
INSERT INTO "django_migrations" VALUES(18,'sessions','0001_initial','2025-06-22 06:31:01.067545');
INSERT INTO "django_migrations" VALUES(19,'main','0001_initial','2025-06-22 06:37:07.967035');
INSERT INTO "django_migrations" VALUES(20,'main','0002_remove_dailyreport_company_remove_dailyreport_date_and_more','2025-07-01 13:33:00.608956');
INSERT INTO "django_migrations" VALUES(21,'main','0003_dailyreport_company_dailyreport_date_and_more','2025-07-01 21:47:47.918848');
INSERT INTO "django_migrations" VALUES(22,'main','0004_alter_dailyreport_date','2025-08-03 05:24:14.185873');
INSERT INTO "django_migrations" VALUES(23,'main','0005_company_task_dailyreport_task_fk_product','2025-08-11 00:25:46.732921');
INSERT INTO "django_migrations" VALUES(24,'main','0006_taskpreset','2025-08-11 03:10:29.861823');
CREATE TABLE "django_session" ("session_key" varchar(40) NOT NULL PRIMARY KEY, "session_data" text NOT NULL, "expire_date" datetime NOT NULL);
INSERT INTO "django_session" VALUES('vnapxi1h36crb22p5hqz30b4o76sc5ce','.eJxVjMsOwiAQAP-FsyHlVViP3vsNZBcWWzUlKe3J-O-GpAe9zkzmLSIe-xyPxltcsrgKJS6_jDA9ee0iP3C9V5nqum8LyZ7I0zY51cyv29n-DWZsc98qjQRACbUBUxg5WatwCBBIUx5H7xUTOutC0p7BUQaiwRTjIHlTxOcL79Y4Ng:1ulJhJ:0NJBdZjJjD0imU7l29Yur3ojezceaBPfhOybYEWUGmo','2025-08-25 03:59:45.816730');
CREATE TABLE "main_company" ("id" integer NOT NULL PRIMARY KEY AUTOINCREMENT, "name" varchar(100) NOT NULL UNIQUE);
CREATE TABLE "main_dailyreport" ("id" integer NOT NULL PRIMARY KEY AUTOINCREMENT, "作業時間" bigint NULL, "company" varchar(100) NOT NULL, "end_time" time NOT NULL, "memo" text NOT NULL, "product" varchar(100) NOT NULL, "start_time" time NOT NULL, "task" text NOT NULL, "date" date NOT NULL, "task_fk_id" bigint NULL REFERENCES "main_task" ("id") DEFERRABLE INITIALLY DEFERRED);
INSERT INTO "main_dailyreport" VALUES(8,60000000,'未設定','05:31:00','','未設定','05:30:00','未設定','2025-01-01',NULL);
INSERT INTO "main_dailyreport" VALUES(9,60000000,'未設定','05:31:00','','未設定','05:30:00','未設定','2025-01-01',NULL);
INSERT INTO "main_dailyreport" VALUES(10,60000000,'未設定','05:31:00','','未設定','05:30:00','未設定','2025-01-01',NULL);
INSERT INTO "main_dailyreport" VALUES(11,60000000,'未設定','05:31:00','','未設定','05:30:00','未設定','2025-01-01',NULL);
INSERT INTO "main_dailyreport" VALUES(12,60000000,'未設定','05:31:00','','未設定','05:30:00','未設定','2025-01-01',NULL);
INSERT INTO "main_dailyreport" VALUES(13,60000000,'未設定','05:31:00','','未設定','05:30:00','未設定','2025-01-01',NULL);
INSERT INTO "main_dailyreport" VALUES(14,60000000,'未設定','05:31:00','','未設定','05:30:00','未設定','2025-01-01',NULL);
INSERT INTO "main_dailyreport" VALUES(15,60000000,'未設定','05:31:00','','未設定','05:30:00','未設定','2025-01-01',NULL);
INSERT INTO "main_dailyreport" VALUES(16,60000000,'未設定','05:31:00','','未設定','05:30:00','未設定','2025-01-01',NULL);
INSERT INTO "main_dailyreport" VALUES(17,60000000,'未設定','05:31:00','','未設定','05:30:00','未設定','2025-01-01',NULL);
INSERT INTO "main_dailyreport" VALUES(18,60000000,'未設定','05:31:00','','未設定','05:30:00','未設定','2025-01-01',NULL);
INSERT INTO "main_dailyreport" VALUES(19,60000000,'未設定','05:31:00','','未設定','05:30:00','未設定','2025-01-01',NULL);
INSERT INTO "main_dailyreport" VALUES(20,60000000,'未設定','05:31:00','','未設定','05:30:00','未設定','2025-01-01',NULL);
INSERT INTO "main_dailyreport" VALUES(21,60000000,'未設定','05:31:00','','未設定','05:30:00','未設定','2025-01-01',NULL);
INSERT INTO "main_dailyreport" VALUES(22,60000000,'未設定','05:31:00','','未設定','05:30:00','未設定','2025-01-01',NULL);
INSERT INTO "main_dailyreport" VALUES(23,60000000,'未設定','05:31:00','','未設定','05:30:00','未設定','2025-01-01',NULL);
INSERT INTO "main_dailyreport" VALUES(24,60000000,'未設定','05:31:00','','未設定','05:30:00','未設定','2025-01-01',NULL);
INSERT INTO "main_dailyreport" VALUES(25,60000000,'未設定','05:31:00','','未設定','05:30:00','未設定','2025-01-01',NULL);
INSERT INTO "main_dailyreport" VALUES(26,60000000,'未設定','05:31:00','','未設定','05:30:00','未設定','2025-01-01',NULL);
INSERT INTO "main_dailyreport" VALUES(27,60000000,'未設定','05:31:00','','未設定','05:30:00','未設定','2025-01-01',NULL);
INSERT INTO "main_dailyreport" VALUES(28,60000000,'未設定','05:31:00','','未設定','05:30:00','未設定','2025-01-01',NULL);
INSERT INTO "main_dailyreport" VALUES(29,60000000,'未設定','05:31:00','','未設定','05:30:00','未設定','2025-01-01',NULL);
INSERT INTO "main_dailyreport" VALUES(30,60000000,'未設定','05:31:00','','未設定','05:30:00','未設定','2025-01-01',NULL);
INSERT INTO "main_dailyreport" VALUES(31,60000000,'未設定','05:31:00','','未設定','05:30:00','未設定','2025-01-01',NULL);
INSERT INTO "main_dailyreport" VALUES(32,60000000,'未設定','05:31:00','','未設定','05:30:00','未設定','2025-01-01',NULL);
INSERT INTO "main_dailyreport" VALUES(107,1200000000,'自社','06:50:00','なにしたか覚えていない','その他','06:30:00','片付け','2025-06-23',NULL);
INSERT INTO "main_dailyreport" VALUES(108,2700000000,'トーヨーエイテック','07:35:00','シェル１製番目','シェル','06:50:00','シェル　段取り','2025-06-23',NULL);
INSERT INTO "main_dailyreport" VALUES(109,9300000000,'トーヨーエイテック','10:15:00','シェル１製番目','シェル','07:40:00','シェル　手入れ','2025-06-23',NULL);
INSERT INTO "main_dailyreport" VALUES(110,20700000000,'トーヨーエイテック','16:00:00','シェル１製番目','シェル','10:15:00','シェル　計測　刻印　梱包','2025-06-23',NULL);
INSERT INTO "main_dailyreport" VALUES(111,1500000000,'トーヨーエイテック','16:30:00','シェル１製番目','シェル','16:05:00','シェル　片付け','2025-06-23',NULL);
INSERT INTO "main_dailyreport" VALUES(112,900000000,'トーヨーエイテック','16:45:00','レセプタクル×２','レセプタクル','16:30:00','レセプタクル　補修','2025-06-23',NULL);
INSERT INTO "main_dailyreport" VALUES(113,1800000000,'トーヨーエイテック','17:20:00','シェル２製番目','シェル','16:50:00','シェル　段取り','2025-06-23',NULL);
INSERT INTO "main_dailyreport" VALUES(114,2400000000,'トーヨーエイテック','18:00:00','シェル２製番目　直角検査終わってないため中断','シェル','17:20:00','シェル　手入れ','2025-06-23',NULL);
INSERT INTO "main_dailyreport" VALUES(115,5400000000,'トーヨーエイテック','19:30:00','ブロックLR×１','ブロックLR','18:00:00','ブロックLR　準備　手入れ　計測　梱包','2025-06-23',NULL);
INSERT INTO "main_dailyreport" VALUES(116,29700000000,'トーヨーエイテック','14:45:00','シェル　２製番目','シェル','06:30:00','シェル　手入れ　計測　刻印　梱包','2025-06-24',NULL);
INSERT INTO "main_dailyreport" VALUES(117,1500000000,'トーヨーエイテック','15:10:00','シェル　３製番目','シェル','14:45:00','シェル　段取り','2025-06-24',NULL);
INSERT INTO "main_dailyreport" VALUES(118,15600000000,'トーヨーエイテック','19:30:00','シェル　３製番目','シェル','15:10:00','シェル　手入れ','2025-06-24',NULL);
INSERT INTO "main_dailyreport" VALUES(119,11700000000,'トーヨーエイテック','09:45:00','シェル　３製番目','シェル','06:30:00','シェル　手入れ　計測　刻印　梱包','2025-06-25',NULL);
INSERT INTO "main_dailyreport" VALUES(120,1500000000,'トーヨーエイテック','11:10:00','シェル　３製番目','シェル','10:45:00','シェル　片付け','2025-06-25',NULL);
INSERT INTO "main_dailyreport" VALUES(121,2700000000,'トーヨーエイテック','12:00:00','一旦お昼を挟んでいる','レセプタクル','11:15:00','レセプタクル　梱包','2025-06-25',NULL);
INSERT INTO "main_dailyreport" VALUES(122,2400000000,'トーヨーエイテック','13:40:00','レセプタクル×２','レセプタクル','13:00:00','レセプタクル　梱包','2025-06-25',NULL);
INSERT INTO "main_dailyreport" VALUES(123,1800000000,'日本製鋼所','14:10:00','JSW130小物×２','JSW130小物','13:40:00','JSW130小物　段取り','2025-06-25',NULL);
INSERT INTO "main_dailyreport" VALUES(124,7200000000,'日本製鋼所','16:20:00','JSW130小物×２','JSW130小物','14:20:00','JSW130小物　手入れ　清掃　塗装　検査　梱包','2025-06-25',NULL);
INSERT INTO "main_dailyreport" VALUES(125,1200000000,'日本製鋼所','16:40:00','JSW130小物×２','JSW130小物','16:20:00','JSW130小物　片付け','2025-06-25',NULL);
INSERT INTO "main_dailyreport" VALUES(126,2700000000,'トーヨーエイテック','17:30:00','シェル４製番目','シェル','16:45:00','シェル　段取り','2025-06-25',NULL);
INSERT INTO "main_dailyreport" VALUES(127,34800000000,'トーヨーエイテック','16:10:00','シェル４製番目　品物できていなくてロスタイムが発生している！','シェル','06:30:00','シェル　手入れ　計測　刻印　梱包','2025-06-26',NULL);
INSERT INTO "main_dailyreport" VALUES(128,11100000000,'日本製鋼所','19:15:00','JSW130大物×２','JSW130大物','16:10:00','JSW130大物　梱包','2025-06-26',NULL);
INSERT INTO "main_dailyreport" VALUES(129,1500000000,'日本製鋼所','19:30:00','JSW130大物×２','JSW130大物','19:05:00','JSW130大物　片付け','2025-06-26',NULL);
INSERT INTO "main_dailyreport" VALUES(130,1800000000,'日本製鋼所','07:00:00','JSW180大物×２','JSW180大物','06:30:00','JSW180大物　段取り','2025-06-27',NULL);
INSERT INTO "main_dailyreport" VALUES(131,34200000000,'日本製鋼所','16:00:00','JSW180大物×２　塗料乾燥の為いったん終了','JSW180大物','06:30:00','JSW180　手入れ　清掃　塗装　検査　梱包','2025-06-27',NULL);
INSERT INTO "main_dailyreport" VALUES(132,1500000000,'長浜製作所','19:05:00','メタルパテ補修×１','ベッドL＝2000','18:40:00','長浜製作所　補修','2025-06-27',NULL);
INSERT INTO "main_dailyreport" VALUES(133,1500000000,'日本製鋼所','19:30:00','JSW180大物×２','JSW180大物','19:05:00','JSW180大物　刻印準備','2025-06-27',NULL);
INSERT INTO "main_dailyreport" VALUES(134,600000000,'日本製鋼所','08:55:00','JSW　素材','その他','08:45:00','JSW　積み荷下ろし','2025-06-30',NULL);
INSERT INTO "main_dailyreport" VALUES(135,600000000,'富士機械','09:05:00','インアウトフィードフレーム×４　パテ削り終わり','インアウトフィードフレーム','08:55:00','インアウトフィードフレーム　補修','2025-06-30',NULL);
INSERT INTO "main_dailyreport" VALUES(136,5100000000,'日本製鋼所','10:35:00','JSW180大物×２','JSW180大物','09:10:00','JSW180大物　刻印','2025-06-30',NULL);
INSERT INTO "main_dailyreport" VALUES(137,1800000000,'日本製鋼所','09:55:00','JSW180大物×2','JSW180大物','09:25:00','JSW180大物　手入れ　清掃　塗装　検査　梱包','2025-06-30',NULL);
INSERT INTO "main_dailyreport" VALUES(138,1500000000,'日本製鋼所','10:35:00','JSW180小物×２','JSW180小物','10:10:00','JSW180小物　段取り','2025-06-30',NULL);
INSERT INTO "main_dailyreport" VALUES(139,5100000000,'日本製鋼所','12:00:00','JSW180小物×2','JSW180小物','10:35:00','JSW180小物　手入れ　清掃　塗装　検査　梱包','2025-06-30',NULL);
INSERT INTO "main_dailyreport" VALUES(140,2100000000,'日本製鋼所','13:35:00','JSW180小物×2','JSW180小物','13:00:00','JSW180小物　手入れ　清掃　塗装　検査　梱包','2025-06-30',NULL);
INSERT INTO "main_dailyreport" VALUES(141,900000000,'日本製鋼所','13:50:00','JSW180小物×2','JSW180小物','13:35:00','JSW180小物　片付け','2025-06-30',NULL);
INSERT INTO "main_dailyreport" VALUES(142,8100000000,'日本製鋼所','16:05:00','JSW180小物×2　トラック積み込み途中中断','JSW180大物','13:50:00','JSW180大物　梱包','2025-06-30',NULL);
INSERT INTO "main_dailyreport" VALUES(143,600000000,'自社','16:15:00','何かを積み込んだ！','自社トラック積み込み','16:05:00','トラック積み込み','2025-06-30',NULL);
INSERT INTO "main_dailyreport" VALUES(144,4200000000,'日本製鋼所','17:25:00','JSW180大物×2','JSW180大物','16:15:00','JSW180大物　梱包','2025-06-30',NULL);
INSERT INTO "main_dailyreport" VALUES(145,1200000000,'日本製鋼所','18:00:00','JSW180大物×2　18：00退社','JSW180大物','17:40:00','JSW180大物　片付け','2025-06-30',NULL);
INSERT INTO "main_dailyreport" VALUES(146,5700000000,'コンテナ','10:20:00','','コンテナ積み荷おろし','08:45:00','コンテナ　積み下ろし','2025-07-01',NULL);
INSERT INTO "main_dailyreport" VALUES(147,1200000000,'日本製鋼所','10:40:00','JSW130×2','JSW130出荷','10:20:00','JSW130　出荷　積み込み','2025-07-01',NULL);
INSERT INTO "main_dailyreport" VALUES(148,18900000000,'富士機械','16:00:00','インアウトフィードフレーム×4','インアウトフィードフレーム','10:45:00','インアウトフィードフレーム　手入れ　塗装　梱包','2025-07-01',NULL);
INSERT INTO "main_dailyreport" VALUES(149,9300000000,'富士機械','18:35:00','フィードフレーム×2','フィードフレーム','16:00:00','フィードフレーム　手入れ　塗装　梱包','2025-07-01',NULL);
INSERT INTO "main_dailyreport" VALUES(150,600000000,'トーヨーエイテック','18:35:00','何したか忘れた','事務','18:25:00','事務　検査記録','2025-07-01',NULL);
INSERT INTO "main_dailyreport" VALUES(151,3000000000,'トーヨーエイテック','19:30:00','リアホルダーLR×3','リアホルダーLR','18:40:00','リアホルダーLR　段取り','2025-07-01',NULL);
INSERT INTO "main_dailyreport" VALUES(152,600000000,'トーヨーエイテック','08:55:00','リアホルダーLR×3','リアホルダーLR','08:45:00','リアホルダーLR　段取り','2025-07-02',NULL);
INSERT INTO "main_dailyreport" VALUES(153,8100000000,'トーヨーエイテック','11:10:00','リアホルダーLR×3','リアホルダーLR','08:55:00','リアホルダーLR　手入れ　検査　梱包','2025-07-02',NULL);
INSERT INTO "main_dailyreport" VALUES(154,3000000000,'トーヨーエイテック','12:00:00','リアホルダーLR×3','リアホルダーLR','11:10:00','リアホルダーLR　片付け','2025-07-02',NULL);
INSERT INTO "main_dailyreport" VALUES(155,12960000000,'トーヨーエイテック','16:36:00','レセプタクル×2','レセプタクル','13:00:00','レセプタクル　手入れ　清掃　塗装','2025-07-02',NULL);
INSERT INTO "main_dailyreport" VALUES(156,2100000000,'トーヨーエイテック','17:10:00','レセプタクル×2','レセプタクル','16:35:00','レセプタクル　片付け','2025-07-02',NULL);
INSERT INTO "main_dailyreport" VALUES(157,1200000000,'日本製鋼所','17:30:00','JSW100大物×2','JSW100大物','17:10:00','JSW100大物　段取り','2025-07-02',NULL);
INSERT INTO "main_dailyreport" VALUES(158,36900000000,'日本製鋼所','19:00:00','JSW100大物×2　タップ不良ありタイムロスあり','JSW100大物','08:45:00','JSW100大物　手入れ　清掃　塗装　検査　梱包','2025-07-03',NULL);
INSERT INTO "main_dailyreport" VALUES(159,600000000,'トーヨーエイテック','19:10:00','レセプタクル×2','レセプタクル','19:00:00','レセプタクル　梱包準備','2025-07-03',NULL);
INSERT INTO "main_dailyreport" VALUES(160,1200000000,'日本製鋼所','19:30:00','JSW180×2','JSW180出荷','19:10:00','JSW180　出荷準備','2025-07-03',NULL);
INSERT INTO "main_dailyreport" VALUES(161,1200000000,'日本製鋼所','09:05:00','JSW180×2

','JSW180出荷','08:45:00','JSW180　出荷積み込み','2025-07-04',NULL);
INSERT INTO "main_dailyreport" VALUES(162,6900000000,'トーヨーエイテック','11:00:00','レセプタクル×2','レセプタクル','09:05:00','レセプタクル　梱包','2025-07-04',NULL);
INSERT INTO "main_dailyreport" VALUES(163,2700000000,'日本製鋼所','12:00:00','JSW100大物×2','JSW100大物','11:15:00','JSW100大物　手入れ　清掃　塗装　検査　梱包','2025-07-04',NULL);
INSERT INTO "main_dailyreport" VALUES(164,8100000000,'日本製鋼所','15:15:00','JSW100大物×2　タップ不良ありロスタイムあり','JSW100大物','13:00:00','JSW100大物　手入れ　清掃　塗装　検査　梱包','2025-07-04',NULL);
INSERT INTO "main_dailyreport" VALUES(165,13800000000,'日本製鋼所','19:05:00','JSW100小物×2','JSW100小物','15:15:00','JSW100小物　手入れ　清掃　塗装　検査　梱包','2025-07-04',NULL);
INSERT INTO "main_dailyreport" VALUES(166,1500000000,'日本製鋼所','19:30:00','JSW100小物×2','JSW100小物','19:05:00','JSW100小物　片付け','2025-07-04',NULL);
INSERT INTO "main_dailyreport" VALUES(169,3900000000,'コンテナ','09:50:00','','その他','08:45:00','コンテナ　積み下ろし','2025-07-07',NULL);
INSERT INTO "main_dailyreport" VALUES(170,1200000000,'その他','10:10:00','体調悪かった','その他','09:50:00','休憩','2025-07-07',NULL);
INSERT INTO "main_dailyreport" VALUES(171,900000000,'自社','10:25:00','積み込み','自社トラック積み込み','10:10:00','積み込み','2025-07-07',NULL);
INSERT INTO "main_dailyreport" VALUES(172,1500000000,'日本製鋼所','10:50:00','','JSW100大物','10:25:00','JSW100大物　段取り','2025-07-07',NULL);
INSERT INTO "main_dailyreport" VALUES(173,17700000000,'日本製鋼所','15:45:00','カタジメ×１不良交換最初からやり直し','JSW100大物','10:50:00','JSW100大物　手入れ　清掃　塗装　検査　梱包','2025-07-07',NULL);
INSERT INTO "main_dailyreport" VALUES(174,900000000,'自社','16:00:00','','自社トラック積み込み','15:45:00','トラック積み込み

','2025-07-07',NULL);
INSERT INTO "main_dailyreport" VALUES(175,5400000000,'日本製鋼所','17:30:00','カドウバン×１肉欠けあり。交換最初からやり直し','JSW100大物','16:00:00','JSW100大物　手入れ　清掃　塗装　検査　梱包','2025-07-07',NULL);
INSERT INTO "main_dailyreport" VALUES(176,20700000000,'日本製鋼所','14:30:00','','JSW100大物','08:45:00','JSW100大物　手入れ　清掃　塗装　検査　梱包','2025-07-08',NULL);
INSERT INTO "main_dailyreport" VALUES(177,1800000000,'日本製鋼所','15:00:00','','JSW100小物','14:30:00','JSW100小物　段取り','2025-07-08',NULL);
INSERT INTO "main_dailyreport" VALUES(178,3600000000,'日本製鋼所','16:00:00','','JSW100小物','15:00:00','JSW100小物　手入れ　清掃　塗装　検査　梱包','2025-07-08',NULL);
INSERT INTO "main_dailyreport" VALUES(179,1800000000,'その他','16:30:00','停電のため、作業中断','その他','16:00:00','その他','2025-07-08',NULL);
INSERT INTO "main_dailyreport" VALUES(180,1800000000,'日本製鋼所','17:00:00','警報発令で17:00退社','JSW100小物','16:30:00','JSW100小物　手入れ　清掃　塗装　検査　梱包','2025-07-08',NULL);
INSERT INTO "main_dailyreport" VALUES(181,2700000000,'コンテナ','09:30:00','','コンテナ積み荷おろし','08:45:00','コンテナ積み下ろし','2025-07-09',NULL);
INSERT INTO "main_dailyreport" VALUES(182,7200000000,'日本製鋼所','11:30:00','JSW100小物×２ 錆が多い','JSW100小物','09:30:00','JSW100小物　手入れ　清掃　塗装　検査　梱包','2025-07-09',NULL);
INSERT INTO "main_dailyreport" VALUES(183,600000000,'日本製鋼所','11:40:00','','JSW100小物','11:30:00','JSW100小物　かたずけ','2025-07-09',NULL);
INSERT INTO "main_dailyreport" VALUES(184,1200000000,'日本製鋼所','12:00:00','','JSW100大物','11:40:00','JSW100大物　梱包準備','2025-07-09',NULL);
INSERT INTO "main_dailyreport" VALUES(185,6600000000,'日本製鋼所','14:50:00','','JSW100大物','13:00:00','JSW100大物　手入れ　清掃　塗装　検査　梱包','2025-07-09',NULL);
INSERT INTO "main_dailyreport" VALUES(186,1200000000,'長浜製作所','15:20:00','','ベッドL＝2500','15:00:00','ベッドL＝2500　段取り','2025-07-09',NULL);
INSERT INTO "main_dailyreport" VALUES(187,7800000000,'長浜製作所','17:30:00','定時退社','ベッドL＝2500','15:20:00','ベッドL＝2500　手入れ　清掃　塗装　検査　梱包','2025-07-09',NULL);
INSERT INTO "main_dailyreport" VALUES(188,NULL,'その他','09:05:00','','その他','09:45:00','清掃','2025-07-10',NULL);
INSERT INTO "main_dailyreport" VALUES(189,1500000000,'長浜製作所','09:30:00','塗装するか回答待作業中断！','ベッドL＝2500','09:05:00','ベッドL＝2500　手入れ　清掃　塗装　検査　梱包','2025-07-10',NULL);
INSERT INTO "main_dailyreport" VALUES(190,1200000000,'トーヨーエイテック','09:50:00','検査だけ','レセプタクル','09:30:00','レセプタクル　不具合検査','2025-07-10',NULL);
INSERT INTO "main_dailyreport" VALUES(191,1500000000,'日本製鋼所','10:15:00','JSW180×2','JSW180大物','09:50:00','JSW180大物　段取り','2025-07-10',NULL);
INSERT INTO "main_dailyreport" VALUES(192,32400000000,'日本製鋼所','19:15:00','JSW180×2','JSW180大物','10:15:00','JSW180大物　手入れ　清掃　塗装　検査　梱包','2025-07-10',NULL);
INSERT INTO "main_dailyreport" VALUES(193,600000000,'日本製鋼所','19:25:00','','JSW180大物','19:15:00','JSW180大物　かたずけ','2025-07-10',NULL);
INSERT INTO "main_dailyreport" VALUES(194,300000000,'日本製鋼所','19:30:00','','JSW100小物','19:25:00','JSW100小物　段取り','2025-07-10',NULL);
INSERT INTO "main_dailyreport" VALUES(195,1800000000,'日本製鋼所','09:15:00','','JSW100出荷','08:45:00','JSW100　出荷積み込み','2025-07-11',NULL);
INSERT INTO "main_dailyreport" VALUES(196,4500000000,'日本製鋼所','10:30:00','JSW100大物×2','JSW100大物','09:15:00','JSW100大物　手入れ　清掃　塗装　検査　梱包','2025-07-11',NULL);
INSERT INTO "main_dailyreport" VALUES(197,1800000000,'日本製鋼所','11:00:00','JSW100小物×2','JSW100小物','10:30:00','JSW100　小物段取り','2025-07-11',NULL);
INSERT INTO "main_dailyreport" VALUES(198,10800000000,'日本製鋼所','14:00:00','','JSW100小物','11:00:00','JSW100小物　手入れ　清掃　塗装　検査　梱包','2025-07-11',NULL);
INSERT INTO "main_dailyreport" VALUES(199,900000000,'日本製鋼所','14:15:00','','その他','14:00:00','JSWパレットトラック積み下ろし','2025-07-11',NULL);
INSERT INTO "main_dailyreport" VALUES(200,1500000000,'日本製鋼所','14:40:00','','JSW100小物','14:15:00','JSW100小物　手入れ　清掃　塗装　検査　梱包','2025-07-11',NULL);
INSERT INTO "main_dailyreport" VALUES(201,13800000000,'日本製鋼所','19:00:00','JSW100大物×2 カドウバン完成後に不具合発見！1台最初からやり直し！','JSW100大物','15:10:00','JSW100大物　手入れ　清掃　塗装　検査　梱包','2025-07-11',NULL);
INSERT INTO "main_dailyreport" VALUES(202,NULL,'日本製鋼所','19:00:00','','その他','19:00:00','JSW木箱整理','2025-07-11',NULL);
INSERT INTO "main_dailyreport" VALUES(203,4500000000,'日本製鋼所','10:00:00','JSW100大物JSW100小物荷札が届いていなかったので、ここで貼り付け梱包終了','JSW100大物','08:45:00','JSW100大物　手入れ　清掃　塗装　検査　梱包','2025-07-12',NULL);
INSERT INTO "main_dailyreport" VALUES(204,3900000000,'長浜製作所','11:15:00','','ベッドL＝2500','10:10:00','ベッドL＝2500　手入れ　清掃　塗装　検査　梱包','2025-07-12',NULL);
INSERT INTO "main_dailyreport" VALUES(205,1800000000,'日本製鋼所','11:45:00','JSW180×2完成品が置いてある場所が遠い。','JSW180大物','11:15:00','JSW180大物　段取り','2025-07-12',NULL);
INSERT INTO "main_dailyreport" VALUES(206,20700000000,'日本製鋼所','17:30:00','JSW180大物×2','JSW180大物','11:45:00','JSW180大物　手入れ　清掃　塗装　検査　梱包','2025-07-12',NULL);
INSERT INTO "main_dailyreport" VALUES(207,2100000000,'コンテナ','09:20:00','','コンテナ積み荷おろし','08:45:00','コンテナ積み下ろし','2025-07-14',NULL);
INSERT INTO "main_dailyreport" VALUES(208,4500000000,'日本製鋼所','10:35:00','','JSW180大物','09:20:00','JSW180大物　手入れ　清掃　塗装　検査　梱包','2025-07-14',NULL);
INSERT INTO "main_dailyreport" VALUES(209,1500000000,'日本製鋼所','11:00:00','他の積み込み町と室内積み込みの為、時間がかかる。','JSW100出荷','10:35:00','JSW100　出荷積み込み','2025-07-14',NULL);
INSERT INTO "main_dailyreport" VALUES(210,18000000000,'日本製鋼所','16:00:00','','JSW180大物','11:00:00','JSW180大物　手入れ　清掃　塗装　検査　梱包','2025-07-14',NULL);
INSERT INTO "main_dailyreport" VALUES(211,2400000000,'日本製鋼所','16:40:00','','JSW180大物','16:00:00','JSW180大物　刻印','2025-07-14',NULL);
INSERT INTO "main_dailyreport" VALUES(212,3000000000,'日本製鋼所','17:30:00','定時退社','JSW180大物','16:40:00','JSW180大物　手入れ　清掃　塗装　検査　梱包','2025-07-14',NULL);
INSERT INTO "main_dailyreport" VALUES(213,900000000,'日本製鋼所','09:00:00','','JSW180小物','08:45:00','JSW180小物　段取り','2025-07-15',NULL);
INSERT INTO "main_dailyreport" VALUES(214,8700000000,'日本製鋼所','11:25:00','','JSW180小物','09:00:00','JSW180小物　手入れ　清掃　塗装　検査　梱包','2025-07-15',NULL);
INSERT INTO "main_dailyreport" VALUES(215,600000000,'日本製鋼所','11:35:00','雑用あり','JSW180小物','11:25:00','JSW180小物　かたずけ','2025-07-15',NULL);
INSERT INTO "main_dailyreport" VALUES(216,1500000000,'日本製鋼所','12:00:00','','JSW180大物','11:35:00','JSW180大物　梱包　段取り','2025-07-15',NULL);
INSERT INTO "main_dailyreport" VALUES(217,11700000000,'日本製鋼所','16:15:00','','JSW180大物','13:00:00','JSW180大物　手入れ　清掃　塗装　検査　梱包','2025-07-15',NULL);
INSERT INTO "main_dailyreport" VALUES(218,600000000,'日本製鋼所','16:25:00','','JSW180大物','16:15:00','JSW180大物　かたずけ','2025-07-15',NULL);
INSERT INTO "main_dailyreport" VALUES(219,900000000,'その他','16:40:00','手伝い小笠原さん','その他','16:25:00','雑用','2025-07-15',NULL);
INSERT INTO "main_dailyreport" VALUES(220,3000000000,'日本製鋼所','17:30:00','','ターンテーブル','16:40:00','錆確認','2025-07-15',NULL);
INSERT INTO "main_dailyreport" VALUES(221,1200000000,'自社','18:00:00','間さん依頼耐圧セットを段取り積み込み','その他','17:40:00','ボディ耐圧セットトラック積み込み','2025-07-15',NULL);
INSERT INTO "main_dailyreport" VALUES(222,3300000000,'トーヨーエイテック','18:55:00','','レセプタクル','18:00:00','不具合報告','2025-07-15',NULL);
INSERT INTO "main_dailyreport" VALUES(223,1800000000,'富士機械','19:30:00','フィードフレーム×4','フィードフレーム','19:00:00','段取り','2025-07-15',NULL);
INSERT INTO "main_dailyreport" VALUES(224,27300000000,'富士機械','16:20:00','フレーム×１０','フレーム','08:45:00','手入れ　検査　','2025-07-16',NULL);
INSERT INTO "main_dailyreport" VALUES(225,31500000000,'富士機械','17:30:00','フレーム×13','フレーム','08:45:00','手入れ　検査','2025-07-17',NULL);
INSERT INTO "main_dailyreport" VALUES(226,900000000,'日本製鋼所','09:00:00','室内で積み込み','JSW100出荷','08:45:00','JSW100　出荷準備','2025-07-18',NULL);
INSERT INTO "main_dailyreport" VALUES(227,3600000000,'富士機械','10:00:00','フィードフレーム×10','フィードフレーム','09:00:00','フィードフレーム補修','2025-07-18',NULL);
INSERT INTO "main_dailyreport" VALUES(228,3000000000,'富士機械','11:00:00','','フレーム','10:10:00','手入れ　検査','2025-07-18',NULL);
INSERT INTO "main_dailyreport" VALUES(229,1800000000,'日本製鋼所','11:30:00','出荷室内','JSW100出荷','11:00:00','JSW100　出荷','2025-07-18',NULL);
INSERT INTO "main_dailyreport" VALUES(230,600000000,'日本製鋼所','11:40:00','カタジメのみ×2','JSW100大物','11:30:00','JSW100　段取り　','2025-07-18',NULL);
INSERT INTO "main_dailyreport" VALUES(231,4800000000,'日本製鋼所','12:00:00','カタジメのみ×2','JSW100大物','10:40:00','JSW100 手入れ　清掃　塗装　検査　梱包','2025-07-18',NULL);
INSERT INTO "main_dailyreport" VALUES(232,2400000000,'富士機械','15:40:00','','フィードフレーム','15:00:00','不具合確認','2025-07-18',NULL);
INSERT INTO "main_dailyreport" VALUES(233,1800000000,'長浜製作所','16:10:00','','フレーム','15:40:00','フレーム　片付け','2025-07-18',NULL);
INSERT INTO "main_dailyreport" VALUES(234,9000000000,'富士機械','18:40:00','森営業部長が来て不具合確認','フィードフレーム','16:10:00','フィードフレーム　片付け','2025-07-18',NULL);
INSERT INTO "main_dailyreport" VALUES(235,3000000000,'日本製鋼所','19:30:00','','JSW180大物','18:40:00','JSW180　手入れ　清掃　塗装　検査　梱包','2025-07-18',NULL);
INSERT INTO "main_dailyreport" VALUES(236,31500000000,'日本製鋼所','17:30:00','フォークリフト対応　コテイバン×１不具合交換','JSW100大物','08:45:00','JSW100　手入れ　清掃　塗装　検査　梱包','2025-07-22',NULL);
INSERT INTO "main_dailyreport" VALUES(237,5400000000,'日本製鋼所','08:00:00','','JSW100大物','06:30:00','JSW100　手入れ　清掃　塗装　検査　梱包','2025-07-23',NULL);
INSERT INTO "main_dailyreport" VALUES(238,1200000000,'日本製鋼所','08:20:00','','JSW100大物','08:00:00','JSW100　片付け','2025-07-23',NULL);
INSERT INTO "main_dailyreport" VALUES(239,600000000,'日本製鋼所','08:30:00','JSW100×2','JSW100小物','08:20:00','JSW100小物　段取り','2025-07-23',NULL);
INSERT INTO "main_dailyreport" VALUES(240,1800000000,'日本製鋼所','09:15:00','JSW100小物×2','JSW100小物','08:45:00','JSW100小物　段取り','2025-07-23',NULL);
INSERT INTO "main_dailyreport" VALUES(241,1800000000,'日本製鋼所','09:45:00','JSW180×2','JSW180出荷','09:15:00','JSW180出荷　段取り','2025-07-23',NULL);
INSERT INTO "main_dailyreport" VALUES(242,900000000,'日本製鋼所','10:00:00','JSW100×2','JSW100小物','09:45:00','JSW100小物　手入れ　清掃　塗装　検査　梱包','2025-07-23',NULL);
INSERT INTO "main_dailyreport" VALUES(243,1200000000,'日本製鋼所','10:30:00','JSW180×2','JSW180出荷','10:10:00','JSW180　出荷','2025-07-23',NULL);
INSERT INTO "main_dailyreport" VALUES(244,5400000000,'日本製鋼所','12:00:00','JSW100小物×2','JSW100小物','10:30:00','JSW100小物　手入れ　清掃　塗装　検査　梱包','2025-07-23',NULL);
INSERT INTO "main_dailyreport" VALUES(245,3600000000,'日本製鋼所','14:00:00','','JSW100小物','13:00:00','JSW100小物　片付け','2025-07-23',NULL);
INSERT INTO "main_dailyreport" VALUES(246,12600000000,'自社','17:30:00','何をしたか忘れた。','その他','14:00:00','雑用','2025-07-23',NULL);
INSERT INTO "main_dailyreport" VALUES(247,9900000000,'日本製鋼所','11:30:00','JSW100×2','JSW100大物','08:45:00','JSW100大物　手入れ　清掃　塗装　検査　梱包','2025-07-24',NULL);
INSERT INTO "main_dailyreport" VALUES(248,900000000,'日本製鋼所','11:45:00','JSW100大物×2','JSW100大物','11:30:00','JSW100大物　片付け','2025-07-24',NULL);
INSERT INTO "main_dailyreport" VALUES(249,900000000,'その他','12:00:00','','その他','11:45:00','あて作り','2025-07-24',NULL);
INSERT INTO "main_dailyreport" VALUES(250,17100000000,'トーヨーエイテック','14:00:00','レセプタクル×1','レセプタクル','09:15:00','レセプタクル　手入れ　清掃　塗装　検査　梱包','2025-07-24',NULL);
INSERT INTO "main_dailyreport" VALUES(251,10800000000,'トーヨーエイテック','17:00:00','ボディHBX×1','ボディHBX','14:00:00','ボディ　手入れ　清掃　塗装　検査　梱包','2025-07-24',NULL);
INSERT INTO "main_dailyreport" VALUES(252,1200000000,'トーヨーエイテック','17:20:00','リアホルダーLR×3','リアホルダーLR','17:00:00','リアホルダーLR　段取り','2025-07-24',NULL);
INSERT INTO "main_dailyreport" VALUES(253,7800000000,'トーヨーエイテック','19:30:00','リアホルダーLR×3','リアホルダーLR','17:20:00','リアホルダーLR　手入れ　清掃　塗装　検査　梱包','2025-07-24',NULL);
INSERT INTO "main_dailyreport" VALUES(254,1800000000,'その他','09:15:00','','その他','08:45:00','給水機清掃','2025-07-25',NULL);
INSERT INTO "main_dailyreport" VALUES(255,900000000,'日本製鋼所','09:30:00','JSW100出荷×2','JSW100出荷','09:15:00','JSW100出荷　段取り','2025-07-25',NULL);
INSERT INTO "main_dailyreport" VALUES(256,4800000000,'トーヨーエイテック','10:50:00','リアホルダーLR×3','リアホルダーLR','09:30:00','リアホルダーLR　手入れ　清掃　塗装　検査　梱包','2025-07-25',NULL);
INSERT INTO "main_dailyreport" VALUES(257,600000000,'トーヨーエイテック','11:00:00','','リアホルダーLR','10:50:00','リアホルダーLR　片付け','2025-07-25',NULL);
INSERT INTO "main_dailyreport" VALUES(258,600000000,'日本製鋼所','11:10:00','JSW100×2','JSW100出荷','11:00:00','JSW100出荷','2025-07-25',NULL);
INSERT INTO "main_dailyreport" VALUES(259,600000000,'日本製鋼所','11:20:00','','事務','11:10:00','JSW180　検査記録','2025-07-25',NULL);
INSERT INTO "main_dailyreport" VALUES(260,1200000000,'自社','11:40:00','','自社トラック積み込み','11:20:00','積み込み','2025-07-25',NULL);
INSERT INTO "main_dailyreport" VALUES(261,1200000000,'トーヨーエイテック','12:00:00','','ボディHBX','11:40:00','ボディHBX　手入れ　清掃　塗装　検査　梱包','2025-07-25',NULL);
INSERT INTO "main_dailyreport" VALUES(262,7200000000,'トーヨーエイテック','15:00:00','','ボディHBX','13:00:00','ボディHBX　手入れ　清掃　塗装　検査　梱包','2025-07-25',NULL);
INSERT INTO "main_dailyreport" VALUES(263,1800000000,'自社','15:40:00','','その他','15:10:00','リーチバッテリー水いれ','2025-07-25',NULL);
INSERT INTO "main_dailyreport" VALUES(264,6600000000,'トーヨーエイテック','17:30:00','ボディ×1','ボディHBX','15:40:00','ボディHBX　手入れ　清掃　塗装　検査　梱包','2025-07-25',NULL);
INSERT INTO "main_dailyreport" VALUES(265,1200000000,'トーヨーエイテック','09:05:00','レセプタクル×1','レセプタクル','08:45:00','レセプタクル　手入れ　清掃　塗装　検査　梱包','2025-07-26',NULL);
INSERT INTO "main_dailyreport" VALUES(266,900000000,'日本製鋼所','09:20:00','JSW130×2','JSW130大物','09:05:00','JSW130大物　段取り','2025-07-25',NULL);
INSERT INTO "main_dailyreport" VALUES(267,20400000000,'日本製鋼所','15:00:00','JSW130×2','JSW130大物','09:20:00','JSW130大物　手入れ　清掃　塗装　検査　梱包','2025-07-25',NULL);
INSERT INTO "main_dailyreport" VALUES(268,5400000000,'トーヨーエイテック','16:40:00','ボディ×1','ボディHBX','15:10:00','ボディHBX　不具合対応','2025-07-25',NULL);
INSERT INTO "main_dailyreport" VALUES(269,3000000000,'日本製鋼所','17:30:00','JSW130×2','JSW130大物','16:40:00','JSW130大物　手入れ　清掃　塗装　検査　梱包','2025-07-25',NULL);
CREATE TABLE "main_product" ("id" integer NOT NULL PRIMARY KEY AUTOINCREMENT, "name" varchar(100) NOT NULL, "company_id" bigint NOT NULL REFERENCES "main_company" ("id") DEFERRABLE INITIALLY DEFERRED);
CREATE TABLE "main_task" ("id" integer NOT NULL PRIMARY KEY AUTOINCREMENT, "name" varchar(100) NOT NULL UNIQUE);
INSERT INTO "main_task" VALUES(1,'手入れ');
INSERT INTO "main_task" VALUES(2,'清掃');
INSERT INTO "main_task" VALUES(3,'塗装');
INSERT INTO "main_task" VALUES(4,'検査');
INSERT INTO "main_task" VALUES(5,'梱包');
INSERT INTO "main_task" VALUES(6,'段取り');
INSERT INTO "main_task" VALUES(7,'片付け');
INSERT INTO "main_task" VALUES(8,'梱包準備');
INSERT INTO "main_task" VALUES(9,'出荷準備');
INSERT INTO "main_task" VALUES(10,'出荷積み込み');
INSERT INTO "main_task" VALUES(11,'検査記録');
INSERT INTO "main_task" VALUES(12,'コンテナ積み下ろし');
INSERT INTO "main_task" VALUES(13,'素材搬入');
INSERT INTO "main_task" VALUES(14,'2t積み込み');
INSERT INTO "main_task" VALUES(15,'4t積み込み');
INSERT INTO "main_task" VALUES(16,'その他');
INSERT INTO "main_task" VALUES(17,'木箱整理');
INSERT INTO "main_task" VALUES(18,'刻印段取り');
INSERT INTO "main_task" VALUES(19,'刻印');
INSERT INTO "main_task" VALUES(20,'雑用');
INSERT INTO "main_task" VALUES(21,'錆確認');
INSERT INTO "main_task" VALUES(22,'耐圧検査');
INSERT INTO "main_task" VALUES(23,'耐圧検査段取り');
INSERT INTO "main_task" VALUES(24,'耐圧試験フランジ取り付け');
INSERT INTO "main_task" VALUES(25,'不具合写真撮影');
INSERT INTO "main_task" VALUES(26,'不具合写真編集送信');
INSERT INTO "main_task" VALUES(27,'メタルパテ補修');
INSERT INTO "main_task" VALUES(28,'ベロメタル補修');
INSERT INTO "main_task" VALUES(29,'不具合確認');
INSERT INTO "main_task" VALUES(30,'あて作り');
INSERT INTO "main_task" VALUES(31,'給水機清掃');
INSERT INTO "main_task" VALUES(32,'不具合対応');
CREATE TABLE "main_taskpreset" ("id" integer NOT NULL PRIMARY KEY AUTOINCREMENT, "label" varchar(100) NOT NULL, "content" text NOT NULL, "product" varchar(100) NULL, "sort_order" integer unsigned NOT NULL CHECK ("sort_order" >= 0), "is_active" bool NOT NULL);
INSERT INTO "main_taskpreset" VALUES(1,'日本製鋼所','JSW100大物　手入れ　清掃　塗装　検査　梱包','JSW100大物',10,1);
INSERT INTO "main_taskpreset" VALUES(2,'日本製鋼所','JSW130大物　手入れ　清掃　塗装　検査　梱包','JSW130大物',10,1);
INSERT INTO "main_taskpreset" VALUES(3,'日本製鋼所','JSW180大物　手入れ　清掃　塗装　検査　梱包','JSW180大物',10,1);
INSERT INTO "main_taskpreset" VALUES(4,'日本製鋼所','JSW100小物　手入れ　清掃　塗装　検査　梱包','JSW100小物',10,1);
INSERT INTO "main_taskpreset" VALUES(5,'日本製鋼所','JSW130小物　手入れ　清掃　塗装　検査　梱包','JSW130小物',10,1);
INSERT INTO "main_taskpreset" VALUES(6,'日本製鋼所','JSW180小物　手入れ　清掃　塗装　検査　梱包','JSW180小物',10,1);
INSERT INTO "main_taskpreset" VALUES(7,'トーヨーエイテック','レセプタクル　手入れ　清掃　検査　塗装','レセプタクル',10,1);
INSERT INTO "main_taskpreset" VALUES(8,'トーヨーエイテック','ブロックLR　手入れ　清掃　検査　梱包　検査記録','ブロックLR',10,1);
INSERT INTO "main_taskpreset" VALUES(9,'トーヨーエイテック','リアホルダーLR 　手入れ　清掃　検査　梱包　検査記録','リアホルダーLR',10,1);
INSERT INTO "main_taskpreset" VALUES(10,'トーヨーエイテック','ボディHBX　手入れ　清掃　検査','ボディHBX',10,1);
INSERT INTO "main_taskpreset" VALUES(11,'トーヨーエイテック','シェル　手入れ　清掃　検査　梱包　検査記録','シェル',10,1);
INSERT INTO "main_taskpreset" VALUES(12,'富士機械','インアウトフィードフレーム　手入れ　塗装　梱包','インアウトフィードフレーム',10,1);
INSERT INTO "main_taskpreset" VALUES(13,'富士機械','フィードフレーム　手入れ　塗装　梱包','フィードフレーム',10,1);
INSERT INTO "main_taskpreset" VALUES(14,'富士機械','ジョウブフレーム　手入れ　清掃　塗装　検査　梱包','ジョウブフレーム',10,1);
INSERT INTO "main_taskpreset" VALUES(15,'富士機械','フレーム　手入れ　清掃　塗装　検査　梱包','フレーム',10,1);
CREATE UNIQUE INDEX "auth_group_permissions_group_id_permission_id_0cd325b0_uniq" ON "auth_group_permissions" ("group_id", "permission_id");
CREATE INDEX "auth_group_permissions_group_id_b120cbf9" ON "auth_group_permissions" ("group_id");
CREATE INDEX "auth_group_permissions_permission_id_84c5c92e" ON "auth_group_permissions" ("permission_id");
CREATE UNIQUE INDEX "auth_user_groups_user_id_group_id_94350c0c_uniq" ON "auth_user_groups" ("user_id", "group_id");
CREATE INDEX "auth_user_groups_user_id_6a12ed8b" ON "auth_user_groups" ("user_id");
CREATE INDEX "auth_user_groups_group_id_97559544" ON "auth_user_groups" ("group_id");
CREATE UNIQUE INDEX "auth_user_user_permissions_user_id_permission_id_14a6b632_uniq" ON "auth_user_user_permissions" ("user_id", "permission_id");
CREATE INDEX "auth_user_user_permissions_user_id_a95ead1b" ON "auth_user_user_permissions" ("user_id");
CREATE INDEX "auth_user_user_permissions_permission_id_1fbb5f2c" ON "auth_user_user_permissions" ("permission_id");
CREATE INDEX "django_admin_log_content_type_id_c4bce8eb" ON "django_admin_log" ("content_type_id");
CREATE INDEX "django_admin_log_user_id_c564eba6" ON "django_admin_log" ("user_id");
CREATE UNIQUE INDEX "django_content_type_app_label_model_76bd3d3b_uniq" ON "django_content_type" ("app_label", "model");
CREATE UNIQUE INDEX "auth_permission_content_type_id_codename_01ab375a_uniq" ON "auth_permission" ("content_type_id", "codename");
CREATE INDEX "auth_permission_content_type_id_2f476e4b" ON "auth_permission" ("content_type_id");
CREATE INDEX "django_session_expire_date_a5c62663" ON "django_session" ("expire_date");
CREATE INDEX "main_dailyreport_task_fk_id_b76842e1" ON "main_dailyreport" ("task_fk_id");
CREATE UNIQUE INDEX "main_product_company_id_name_493576dd_uniq" ON "main_product" ("company_id", "name");
CREATE INDEX "main_product_company_id_0ba16d72" ON "main_product" ("company_id");
DELETE FROM "sqlite_sequence";
INSERT INTO "sqlite_sequence" VALUES('django_migrations',24);
INSERT INTO "sqlite_sequence" VALUES('django_admin_log',69);
INSERT INTO "sqlite_sequence" VALUES('django_content_type',11);
INSERT INTO "sqlite_sequence" VALUES('auth_permission',44);
INSERT INTO "sqlite_sequence" VALUES('auth_group',0);
INSERT INTO "sqlite_sequence" VALUES('auth_user',2);
INSERT INTO "sqlite_sequence" VALUES('main_dailyreport',269);
INSERT INTO "sqlite_sequence" VALUES('main_task',32);
INSERT INTO "sqlite_sequence" VALUES('main_taskpreset',15);
COMMIT;
